analysis,dataset,signal,bin_index,lower,upper,count,mean_confidence,accuracy
greedy,gsm8k,entropy_confidence,0,0.0,0.06666666666666667,0,,
greedy,gsm8k,entropy_confidence,1,0.06666666666666667,0.13333333333333333,0,,
greedy,gsm8k,entropy_confidence,2,0.13333333333333333,0.2,0,,
greedy,gsm8k,entropy_confidence,3,0.2,0.26666666666666666,0,,
greedy,gsm8k,entropy_confidence,4,0.26666666666666666,0.3333333333333333,0,,
greedy,gsm8k,entropy_confidence,5,0.3333333333333333,0.4,0,,
greedy,gsm8k,entropy_confidence,6,0.4,0.4666666666666667,0,,
greedy,gsm8k,entropy_confidence,7,0.4666666666666667,0.5333333333333333,0,,
greedy,gsm8k,entropy_confidence,8,0.5333333333333333,0.6,0,,
greedy,gsm8k,entropy_confidence,9,0.6,0.6666666666666666,0,,
greedy,gsm8k,entropy_confidence,10,0.6666666666666666,0.7333333333333333,0,,
greedy,gsm8k,entropy_confidence,11,0.7333333333333333,0.8,0,,
greedy,gsm8k,entropy_confidence,12,0.8,0.8666666666666667,0,,
greedy,gsm8k,entropy_confidence,13,0.8666666666666667,0.9333333333333333,0,,
greedy,gsm8k,entropy_confidence,14,0.9333333333333333,1.0,40,0.9925538612284226,0.85
greedy,gsm8k,answer_token_probability,0,0.0,0.06666666666666667,0,,
greedy,gsm8k,answer_token_probability,1,0.06666666666666667,0.13333333333333333,0,,
greedy,gsm8k,answer_token_probability,2,0.13333333333333333,0.2,0,,
greedy,gsm8k,answer_token_probability,3,0.2,0.26666666666666666,0,,
greedy,gsm8k,answer_token_probability,4,0.26666666666666666,0.3333333333333333,0,,
greedy,gsm8k,answer_token_probability,5,0.3333333333333333,0.4,0,,
greedy,gsm8k,answer_token_probability,6,0.4,0.4666666666666667,0,,
greedy,gsm8k,answer_token_probability,7,0.4666666666666667,0.5333333333333333,0,,
greedy,gsm8k,answer_token_probability,8,0.5333333333333333,0.6,0,,
greedy,gsm8k,answer_token_probability,9,0.6,0.6666666666666666,0,,
greedy,gsm8k,answer_token_probability,10,0.6666666666666666,0.7333333333333333,0,,
greedy,gsm8k,answer_token_probability,11,0.7333333333333333,0.8,0,,
greedy,gsm8k,answer_token_probability,12,0.8,0.8666666666666667,0,,
greedy,gsm8k,answer_token_probability,13,0.8666666666666667,0.9333333333333333,0,,
greedy,gsm8k,answer_token_probability,14,0.9333333333333333,1.0,40,0.998181492653894,0.85
greedy,gsm8k,sequence_geometric_probability,0,0.0,0.06666666666666667,0,,
greedy,gsm8k,sequence_geometric_probability,1,0.06666666666666667,0.13333333333333333,0,,
greedy,gsm8k,sequence_geometric_probability,2,0.13333333333333333,0.2,0,,
greedy,gsm8k,sequence_geometric_probability,3,0.2,0.26666666666666666,0,,
greedy,gsm8k,sequence_geometric_probability,4,0.26666666666666666,0.3333333333333333,0,,
greedy,gsm8k,sequence_geometric_probability,5,0.3333333333333333,0.4,0,,
greedy,gsm8k,sequence_geometric_probability,6,0.4,0.4666666666666667,0,,
greedy,gsm8k,sequence_geometric_probability,7,0.4666666666666667,0.5333333333333333,0,,
greedy,gsm8k,sequence_geometric_probability,8,0.5333333333333333,0.6,0,,
greedy,gsm8k,sequence_geometric_probability,9,0.6,0.6666666666666666,0,,
greedy,gsm8k,sequence_geometric_probability,10,0.6666666666666666,0.7333333333333333,0,,
greedy,gsm8k,sequence_geometric_probability,11,0.7333333333333333,0.8,0,,
greedy,gsm8k,sequence_geometric_probability,12,0.8,0.8666666666666667,0,,
greedy,gsm8k,sequence_geometric_probability,13,0.8666666666666667,0.9333333333333333,1,0.9283030333647181,1.0
greedy,gsm8k,sequence_geometric_probability,14,0.9333333333333333,1.0,39,0.9722290123431707,0.8461538461538461
greedy,gsm8k,self_consistency_agreement,0,0.0,0.06666666666666667,0,,
greedy,gsm8k,self_consistency_agreement,1,0.06666666666666667,0.13333333333333333,1,0.125,0.0
greedy,gsm8k,self_consistency_agreement,2,0.13333333333333333,0.2,0,,
greedy,gsm8k,self_consistency_agreement,3,0.2,0.26666666666666666,1,0.25,0.0
greedy,gsm8k,self_consistency_agreement,4,0.26666666666666666,0.3333333333333333,0,,
greedy,gsm8k,self_consistency_agreement,5,0.3333333333333333,0.4,1,0.375,0.0
greedy,gsm8k,self_consistency_agreement,6,0.4,0.4666666666666667,0,,
greedy,gsm8k,self_consistency_agreement,7,0.4666666666666667,0.5333333333333333,0,,
greedy,gsm8k,self_consistency_agreement,8,0.5333333333333333,0.6,0,,
greedy,gsm8k,self_consistency_agreement,9,0.6,0.6666666666666666,1,0.625,1.0
greedy,gsm8k,self_consistency_agreement,10,0.6666666666666666,0.7333333333333333,0,,
greedy,gsm8k,self_consistency_agreement,11,0.7333333333333333,0.8,2,0.75,0.0
greedy,gsm8k,self_consistency_agreement,12,0.8,0.8666666666666667,0,,
greedy,gsm8k,self_consistency_agreement,13,0.8666666666666667,0.9333333333333333,4,0.875,1.0
greedy,gsm8k,self_consistency_agreement,14,0.9333333333333333,1.0,30,1.0,0.9666666666666667
paired_primary,gsm8k,entropy_confidence,0,0.0,0.06666666666666667,0,,
paired_primary,gsm8k,entropy_confidence,1,0.06666666666666667,0.13333333333333333,0,,
paired_primary,gsm8k,entropy_confidence,2,0.13333333333333333,0.2,0,,
paired_primary,gsm8k,entropy_confidence,3,0.2,0.26666666666666666,0,,
paired_primary,gsm8k,entropy_confidence,4,0.26666666666666666,0.3333333333333333,0,,
paired_primary,gsm8k,entropy_confidence,5,0.3333333333333333,0.4,0,,
paired_primary,gsm8k,entropy_confidence,6,0.4,0.4666666666666667,0,,
paired_primary,gsm8k,entropy_confidence,7,0.4666666666666667,0.5333333333333333,0,,
paired_primary,gsm8k,entropy_confidence,8,0.5333333333333333,0.6,0,,
paired_primary,gsm8k,entropy_confidence,9,0.6,0.6666666666666666,0,,
paired_primary,gsm8k,entropy_confidence,10,0.6666666666666666,0.7333333333333333,0,,
paired_primary,gsm8k,entropy_confidence,11,0.7333333333333333,0.8,0,,
paired_primary,gsm8k,entropy_confidence,12,0.8,0.8666666666666667,0,,
paired_primary,gsm8k,entropy_confidence,13,0.8666666666666667,0.9333333333333333,0,,
paired_primary,gsm8k,entropy_confidence,14,0.9333333333333333,1.0,40,0.9925538612284226,0.85
paired_primary,gsm8k,self_consistency_agreement,0,0.0,0.06666666666666667,0,,
paired_primary,gsm8k,self_consistency_agreement,1,0.06666666666666667,0.13333333333333333,1,0.125,0.0
paired_primary,gsm8k,self_consistency_agreement,2,0.13333333333333333,0.2,0,,
paired_primary,gsm8k,self_consistency_agreement,3,0.2,0.26666666666666666,1,0.25,0.0
paired_primary,gsm8k,self_consistency_agreement,4,0.26666666666666666,0.3333333333333333,0,,
paired_primary,gsm8k,self_consistency_agreement,5,0.3333333333333333,0.4,1,0.375,0.0
paired_primary,gsm8k,self_consistency_agreement,6,0.4,0.4666666666666667,0,,
paired_primary,gsm8k,self_consistency_agreement,7,0.4666666666666667,0.5333333333333333,0,,
paired_primary,gsm8k,self_consistency_agreement,8,0.5333333333333333,0.6,0,,
paired_primary,gsm8k,self_consistency_agreement,9,0.6,0.6666666666666666,1,0.625,1.0
paired_primary,gsm8k,self_consistency_agreement,10,0.6666666666666666,0.7333333333333333,0,,
paired_primary,gsm8k,self_consistency_agreement,11,0.7333333333333333,0.8,2,0.75,0.0
paired_primary,gsm8k,self_consistency_agreement,12,0.8,0.8666666666666667,0,,
paired_primary,gsm8k,self_consistency_agreement,13,0.8666666666666667,0.9333333333333333,4,0.875,1.0
paired_primary,gsm8k,self_consistency_agreement,14,0.9333333333333333,1.0,30,1.0,0.9666666666666667
majority,gsm8k,majority_vote_share,0,0.0,0.06666666666666667,0,,
majority,gsm8k,majority_vote_share,1,0.06666666666666667,0.13333333333333333,0,,
majority,gsm8k,majority_vote_share,2,0.13333333333333333,0.2,0,,
majority,gsm8k,majority_vote_share,3,0.2,0.26666666666666666,0,,
majority,gsm8k,majority_vote_share,4,0.26666666666666666,0.3333333333333333,0,,
majority,gsm8k,majority_vote_share,5,0.3333333333333333,0.4,0,,
majority,gsm8k,majority_vote_share,6,0.4,0.4666666666666667,0,,
majority,gsm8k,majority_vote_share,7,0.4666666666666667,0.5333333333333333,0,,
majority,gsm8k,majority_vote_share,8,0.5333333333333333,0.6,0,,
majority,gsm8k,majority_vote_share,9,0.6,0.6666666666666666,3,0.625,0.6666666666666666
majority,gsm8k,majority_vote_share,10,0.6666666666666666,0.7333333333333333,0,,
majority,gsm8k,majority_vote_share,11,0.7333333333333333,0.8,3,0.75,0.3333333333333333
majority,gsm8k,majority_vote_share,12,0.8,0.8666666666666667,0,,
majority,gsm8k,majority_vote_share,13,0.8666666666666667,0.9333333333333333,4,0.875,1.0
majority,gsm8k,majority_vote_share,14,0.9333333333333333,1.0,30,1.0,0.9666666666666667
greedy,gsm_plus,entropy_confidence,0,0.0,0.06666666666666667,0,,
greedy,gsm_plus,entropy_confidence,1,0.06666666666666667,0.13333333333333333,0,,
greedy,gsm_plus,entropy_confidence,2,0.13333333333333333,0.2,0,,
greedy,gsm_plus,entropy_confidence,3,0.2,0.26666666666666666,0,,
greedy,gsm_plus,entropy_confidence,4,0.26666666666666666,0.3333333333333333,1,0.3068862943128502,0.0
greedy,gsm_plus,entropy_confidence,5,0.3333333333333333,0.4,0,,
greedy,gsm_plus,entropy_confidence,6,0.4,0.4666666666666667,0,,
greedy,gsm_plus,entropy_confidence,7,0.4666666666666667,0.5333333333333333,0,,
greedy,gsm_plus,entropy_confidence,8,0.5333333333333333,0.6,0,,
greedy,gsm_plus,entropy_confidence,9,0.6,0.6666666666666666,0,,
greedy,gsm_plus,entropy_confidence,10,0.6666666666666666,0.7333333333333333,0,,
greedy,gsm_plus,entropy_confidence,11,0.7333333333333333,0.8,0,,
greedy,gsm_plus,entropy_confidence,12,0.8,0.8666666666666667,0,,
greedy,gsm_plus,entropy_confidence,13,0.8666666666666667,0.9333333333333333,1,0.910185352068801,0.0
greedy,gsm_plus,entropy_confidence,14,0.9333333333333333,1.0,46,0.9907178510672745,0.8478260869565217
greedy,gsm_plus,answer_token_probability,0,0.0,0.06666666666666667,0,,
greedy,gsm_plus,answer_token_probability,1,0.06666666666666667,0.13333333333333333,0,,
greedy,gsm_plus,answer_token_probability,2,0.13333333333333333,0.2,0,,
greedy,gsm_plus,answer_token_probability,3,0.2,0.26666666666666666,0,,
greedy,gsm_plus,answer_token_probability,4,0.26666666666666666,0.3333333333333333,0,,
greedy,gsm_plus,answer_token_probability,5,0.3333333333333333,0.4,0,,
greedy,gsm_plus,answer_token_probability,6,0.4,0.4666666666666667,0,,
greedy,gsm_plus,answer_token_probability,7,0.4666666666666667,0.5333333333333333,0,,
greedy,gsm_plus,answer_token_probability,8,0.5333333333333333,0.6,0,,
greedy,gsm_plus,answer_token_probability,9,0.6,0.6666666666666666,0,,
greedy,gsm_plus,answer_token_probability,10,0.6666666666666666,0.7333333333333333,0,,
greedy,gsm_plus,answer_token_probability,11,0.7333333333333333,0.8,0,,
greedy,gsm_plus,answer_token_probability,12,0.8,0.8666666666666667,1,0.8622576830541645,0.0
greedy,gsm_plus,answer_token_probability,13,0.8666666666666667,0.9333333333333333,0,,
greedy,gsm_plus,answer_token_probability,14,0.9333333333333333,1.0,46,0.9992829678597824,0.8478260869565217
greedy,gsm_plus,sequence_geometric_probability,0,0.0,0.06666666666666667,1,0.02657244875300812,0.0
greedy,gsm_plus,sequence_geometric_probability,1,0.06666666666666667,0.13333333333333333,0,,
greedy,gsm_plus,sequence_geometric_probability,2,0.13333333333333333,0.2,0,,
greedy,gsm_plus,sequence_geometric_probability,3,0.2,0.26666666666666666,0,,
greedy,gsm_plus,sequence_geometric_probability,4,0.26666666666666666,0.3333333333333333,0,,
greedy,gsm_plus,sequence_geometric_probability,5,0.3333333333333333,0.4,0,,
greedy,gsm_plus,sequence_geometric_probability,6,0.4,0.4666666666666667,0,,
greedy,gsm_plus,sequence_geometric_probability,7,0.4666666666666667,0.5333333333333333,0,,
greedy,gsm_plus,sequence_geometric_probability,8,0.5333333333333333,0.6,0,,
greedy,gsm_plus,sequence_geometric_probability,9,0.6,0.6666666666666666,0,,
greedy,gsm_plus,sequence_geometric_probability,10,0.6666666666666666,0.7333333333333333,0,,
greedy,gsm_plus,sequence_geometric_probability,11,0.7333333333333333,0.8,1,0.7333760300804747,0.0
greedy,gsm_plus,sequence_geometric_probability,12,0.8,0.8666666666666667,0,,
greedy,gsm_plus,sequence_geometric_probability,13,0.8666666666666667,0.9333333333333333,3,0.9204788241337688,0.0
greedy,gsm_plus,sequence_geometric_probability,14,0.9333333333333333,1.0,43,0.9696695038095086,0.9069767441860465
greedy,gsm_plus,self_consistency_agreement,0,0.0,0.06666666666666667,3,0.0,0.0
greedy,gsm_plus,self_consistency_agreement,1,0.06666666666666667,0.13333333333333333,0,,
greedy,gsm_plus,self_consistency_agreement,2,0.13333333333333333,0.2,0,,
greedy,gsm_plus,self_consistency_agreement,3,0.2,0.26666666666666666,0,,
greedy,gsm_plus,self_consistency_agreement,4,0.26666666666666666,0.3333333333333333,0,,
greedy,gsm_plus,self_consistency_agreement,5,0.3333333333333333,0.4,0,,
greedy,gsm_plus,self_consistency_agreement,6,0.4,0.4666666666666667,0,,
greedy,gsm_plus,self_consistency_agreement,7,0.4666666666666667,0.5333333333333333,0,,
greedy,gsm_plus,self_consistency_agreement,8,0.5333333333333333,0.6,0,,
greedy,gsm_plus,self_consistency_agreement,9,0.6,0.6666666666666666,2,0.625,0.5
greedy,gsm_plus,self_consistency_agreement,10,0.6666666666666666,0.7333333333333333,0,,
greedy,gsm_plus,self_consistency_agreement,11,0.7333333333333333,0.8,3,0.75,0.6666666666666666
greedy,gsm_plus,self_consistency_agreement,12,0.8,0.8666666666666667,0,,
greedy,gsm_plus,self_consistency_agreement,13,0.8666666666666667,0.9333333333333333,3,0.875,1.0
greedy,gsm_plus,self_consistency_agreement,14,0.9333333333333333,1.0,37,1.0,0.8918918918918919
paired_primary,gsm_plus,entropy_confidence,0,0.0,0.06666666666666667,0,,
paired_primary,gsm_plus,entropy_confidence,1,0.06666666666666667,0.13333333333333333,0,,
paired_primary,gsm_plus,entropy_confidence,2,0.13333333333333333,0.2,0,,
paired_primary,gsm_plus,entropy_confidence,3,0.2,0.26666666666666666,0,,
paired_primary,gsm_plus,entropy_confidence,4,0.26666666666666666,0.3333333333333333,1,0.3068862943128502,0.0
paired_primary,gsm_plus,entropy_confidence,5,0.3333333333333333,0.4,0,,
paired_primary,gsm_plus,entropy_confidence,6,0.4,0.4666666666666667,0,,
paired_primary,gsm_plus,entropy_confidence,7,0.4666666666666667,0.5333333333333333,0,,
paired_primary,gsm_plus,entropy_confidence,8,0.5333333333333333,0.6,0,,
paired_primary,gsm_plus,entropy_confidence,9,0.6,0.6666666666666666,0,,
paired_primary,gsm_plus,entropy_confidence,10,0.6666666666666666,0.7333333333333333,0,,
paired_primary,gsm_plus,entropy_confidence,11,0.7333333333333333,0.8,0,,
paired_primary,gsm_plus,entropy_confidence,12,0.8,0.8666666666666667,0,,
paired_primary,gsm_plus,entropy_confidence,13,0.8666666666666667,0.9333333333333333,1,0.910185352068801,0.0
paired_primary,gsm_plus,entropy_confidence,14,0.9333333333333333,1.0,46,0.9907178510672745,0.8478260869565217
paired_primary,gsm_plus,self_consistency_agreement,0,0.0,0.06666666666666667,3,0.0,0.0
paired_primary,gsm_plus,self_consistency_agreement,1,0.06666666666666667,0.13333333333333333,0,,
paired_primary,gsm_plus,self_consistency_agreement,2,0.13333333333333333,0.2,0,,
paired_primary,gsm_plus,self_consistency_agreement,3,0.2,0.26666666666666666,0,,
paired_primary,gsm_plus,self_consistency_agreement,4,0.26666666666666666,0.3333333333333333,0,,
paired_primary,gsm_plus,self_consistency_agreement,5,0.3333333333333333,0.4,0,,
paired_primary,gsm_plus,self_consistency_agreement,6,0.4,0.4666666666666667,0,,
paired_primary,gsm_plus,self_consistency_agreement,7,0.4666666666666667,0.5333333333333333,0,,
paired_primary,gsm_plus,self_consistency_agreement,8,0.5333333333333333,0.6,0,,
paired_primary,gsm_plus,self_consistency_agreement,9,0.6,0.6666666666666666,2,0.625,0.5
paired_primary,gsm_plus,self_consistency_agreement,10,0.6666666666666666,0.7333333333333333,0,,
paired_primary,gsm_plus,self_consistency_agreement,11,0.7333333333333333,0.8,3,0.75,0.6666666666666666
paired_primary,gsm_plus,self_consistency_agreement,12,0.8,0.8666666666666667,0,,
paired_primary,gsm_plus,self_consistency_agreement,13,0.8666666666666667,0.9333333333333333,3,0.875,1.0
paired_primary,gsm_plus,self_consistency_agreement,14,0.9333333333333333,1.0,37,1.0,0.8918918918918919
majority,gsm_plus,majority_vote_share,0,0.0,0.06666666666666667,0,,
majority,gsm_plus,majority_vote_share,1,0.06666666666666667,0.13333333333333333,0,,
majority,gsm_plus,majority_vote_share,2,0.13333333333333333,0.2,0,,
majority,gsm_plus,majority_vote_share,3,0.2,0.26666666666666666,0,,
majority,gsm_plus,majority_vote_share,4,0.26666666666666666,0.3333333333333333,0,,
majority,gsm_plus,majority_vote_share,5,0.3333333333333333,0.4,2,0.375,0.0
majority,gsm_plus,majority_vote_share,6,0.4,0.4666666666666667,0,,
majority,gsm_plus,majority_vote_share,7,0.4666666666666667,0.5333333333333333,0,,
majority,gsm_plus,majority_vote_share,8,0.5333333333333333,0.6,0,,
majority,gsm_plus,majority_vote_share,9,0.6,0.6666666666666666,2,0.625,0.5
majority,gsm_plus,majority_vote_share,10,0.6666666666666666,0.7333333333333333,0,,
majority,gsm_plus,majority_vote_share,11,0.7333333333333333,0.8,3,0.75,0.6666666666666666
majority,gsm_plus,majority_vote_share,12,0.8,0.8666666666666667,0,,
majority,gsm_plus,majority_vote_share,13,0.8666666666666667,0.9333333333333333,4,0.875,1.0
majority,gsm_plus,majority_vote_share,14,0.9333333333333333,1.0,37,1.0,0.8918918918918919
greedy,math,entropy_confidence,0,0.0,0.06666666666666667,0,,
greedy,math,entropy_confidence,1,0.06666666666666667,0.13333333333333333,0,,
greedy,math,entropy_confidence,2,0.13333333333333333,0.2,0,,
greedy,math,entropy_confidence,3,0.2,0.26666666666666666,0,,
greedy,math,entropy_confidence,4,0.26666666666666666,0.3333333333333333,0,,
greedy,math,entropy_confidence,5,0.3333333333333333,0.4,1,0.34818988977870924,0.0
greedy,math,entropy_confidence,6,0.4,0.4666666666666667,0,,
greedy,math,entropy_confidence,7,0.4666666666666667,0.5333333333333333,0,,
greedy,math,entropy_confidence,8,0.5333333333333333,0.6,0,,
greedy,math,entropy_confidence,9,0.6,0.6666666666666666,0,,
greedy,math,entropy_confidence,10,0.6666666666666666,0.7333333333333333,0,,
greedy,math,entropy_confidence,11,0.7333333333333333,0.8,0,,
greedy,math,entropy_confidence,12,0.8,0.8666666666666667,0,,
greedy,math,entropy_confidence,13,0.8666666666666667,0.9333333333333333,0,,
greedy,math,entropy_confidence,14,0.9333333333333333,1.0,20,0.9889358217849556,0.75
greedy,math,answer_token_probability,0,0.0,0.06666666666666667,0,,
greedy,math,answer_token_probability,1,0.06666666666666667,0.13333333333333333,0,,
greedy,math,answer_token_probability,2,0.13333333333333333,0.2,0,,
greedy,math,answer_token_probability,3,0.2,0.26666666666666666,0,,
greedy,math,answer_token_probability,4,0.26666666666666666,0.3333333333333333,0,,
greedy,math,answer_token_probability,5,0.3333333333333333,0.4,0,,
greedy,math,answer_token_probability,6,0.4,0.4666666666666667,0,,
greedy,math,answer_token_probability,7,0.4666666666666667,0.5333333333333333,0,,
greedy,math,answer_token_probability,8,0.5333333333333333,0.6,0,,
greedy,math,answer_token_probability,9,0.6,0.6666666666666666,0,,
greedy,math,answer_token_probability,10,0.6666666666666666,0.7333333333333333,0,,
greedy,math,answer_token_probability,11,0.7333333333333333,0.8,0,,
greedy,math,answer_token_probability,12,0.8,0.8666666666666667,0,,
greedy,math,answer_token_probability,13,0.8666666666666667,0.9333333333333333,0,,
greedy,math,answer_token_probability,14,0.9333333333333333,1.0,19,0.9963818902205542,0.7894736842105263
greedy,math,sequence_geometric_probability,0,0.0,0.06666666666666667,1,0.0076589014230533615,0.0
greedy,math,sequence_geometric_probability,1,0.06666666666666667,0.13333333333333333,0,,
greedy,math,sequence_geometric_probability,2,0.13333333333333333,0.2,0,,
greedy,math,sequence_geometric_probability,3,0.2,0.26666666666666666,0,,
greedy,math,sequence_geometric_probability,4,0.26666666666666666,0.3333333333333333,0,,
greedy,math,sequence_geometric_probability,5,0.3333333333333333,0.4,0,,
greedy,math,sequence_geometric_probability,6,0.4,0.4666666666666667,0,,
greedy,math,sequence_geometric_probability,7,0.4666666666666667,0.5333333333333333,0,,
greedy,math,sequence_geometric_probability,8,0.5333333333333333,0.6,0,,
greedy,math,sequence_geometric_probability,9,0.6,0.6666666666666666,0,,
greedy,math,sequence_geometric_probability,10,0.6666666666666666,0.7333333333333333,0,,
greedy,math,sequence_geometric_probability,11,0.7333333333333333,0.8,0,,
greedy,math,sequence_geometric_probability,12,0.8,0.8666666666666667,0,,
greedy,math,sequence_geometric_probability,13,0.8666666666666667,0.9333333333333333,3,0.918402911047561,0.3333333333333333
greedy,math,sequence_geometric_probability,14,0.9333333333333333,1.0,17,0.9687655859592816,0.8235294117647058
greedy,math,self_consistency_agreement,0,0.0,0.06666666666666667,3,0.0,0.0
greedy,math,self_consistency_agreement,1,0.06666666666666667,0.13333333333333333,2,0.125,0.0
greedy,math,self_consistency_agreement,2,0.13333333333333333,0.2,0,,
greedy,math,self_consistency_agreement,3,0.2,0.26666666666666666,0,,
greedy,math,self_consistency_agreement,4,0.26666666666666666,0.3333333333333333,0,,
greedy,math,self_consistency_agreement,5,0.3333333333333333,0.4,1,0.375,1.0
greedy,math,self_consistency_agreement,6,0.4,0.4666666666666667,0,,
greedy,math,self_consistency_agreement,7,0.4666666666666667,0.5333333333333333,2,0.5,1.0
greedy,math,self_consistency_agreement,8,0.5333333333333333,0.6,0,,
greedy,math,self_consistency_agreement,9,0.6,0.6666666666666666,1,0.625,1.0
greedy,math,self_consistency_agreement,10,0.6666666666666666,0.7333333333333333,0,,
greedy,math,self_consistency_agreement,11,0.7333333333333333,0.8,2,0.75,0.5
greedy,math,self_consistency_agreement,12,0.8,0.8666666666666667,0,,
greedy,math,self_consistency_agreement,13,0.8666666666666667,0.9333333333333333,0,,
greedy,math,self_consistency_agreement,14,0.9333333333333333,1.0,10,1.0,1.0
paired_primary,math,entropy_confidence,0,0.0,0.06666666666666667,0,,
paired_primary,math,entropy_confidence,1,0.06666666666666667,0.13333333333333333,0,,
paired_primary,math,entropy_confidence,2,0.13333333333333333,0.2,0,,
paired_primary,math,entropy_confidence,3,0.2,0.26666666666666666,0,,
paired_primary,math,entropy_confidence,4,0.26666666666666666,0.3333333333333333,0,,
paired_primary,math,entropy_confidence,5,0.3333333333333333,0.4,1,0.34818988977870924,0.0
paired_primary,math,entropy_confidence,6,0.4,0.4666666666666667,0,,
paired_primary,math,entropy_confidence,7,0.4666666666666667,0.5333333333333333,0,,
paired_primary,math,entropy_confidence,8,0.5333333333333333,0.6,0,,
paired_primary,math,entropy_confidence,9,0.6,0.6666666666666666,0,,
paired_primary,math,entropy_confidence,10,0.6666666666666666,0.7333333333333333,0,,
paired_primary,math,entropy_confidence,11,0.7333333333333333,0.8,0,,
paired_primary,math,entropy_confidence,12,0.8,0.8666666666666667,0,,
paired_primary,math,entropy_confidence,13,0.8666666666666667,0.9333333333333333,0,,
paired_primary,math,entropy_confidence,14,0.9333333333333333,1.0,20,0.9889358217849556,0.75
paired_primary,math,self_consistency_agreement,0,0.0,0.06666666666666667,3,0.0,0.0
paired_primary,math,self_consistency_agreement,1,0.06666666666666667,0.13333333333333333,2,0.125,0.0
paired_primary,math,self_consistency_agreement,2,0.13333333333333333,0.2,0,,
paired_primary,math,self_consistency_agreement,3,0.2,0.26666666666666666,0,,
paired_primary,math,self_consistency_agreement,4,0.26666666666666666,0.3333333333333333,0,,
paired_primary,math,self_consistency_agreement,5,0.3333333333333333,0.4,1,0.375,1.0
paired_primary,math,self_consistency_agreement,6,0.4,0.4666666666666667,0,,
paired_primary,math,self_consistency_agreement,7,0.4666666666666667,0.5333333333333333,2,0.5,1.0
paired_primary,math,self_consistency_agreement,8,0.5333333333333333,0.6,0,,
paired_primary,math,self_consistency_agreement,9,0.6,0.6666666666666666,1,0.625,1.0
paired_primary,math,self_consistency_agreement,10,0.6666666666666666,0.7333333333333333,0,,
paired_primary,math,self_consistency_agreement,11,0.7333333333333333,0.8,2,0.75,0.5
paired_primary,math,self_consistency_agreement,12,0.8,0.8666666666666667,0,,
paired_primary,math,self_consistency_agreement,13,0.8666666666666667,0.9333333333333333,0,,
paired_primary,math,self_consistency_agreement,14,0.9333333333333333,1.0,10,1.0,1.0
majority,math,majority_vote_share,0,0.0,0.06666666666666667,0,,
majority,math,majority_vote_share,1,0.06666666666666667,0.13333333333333333,0,,
majority,math,majority_vote_share,2,0.13333333333333333,0.2,0,,
majority,math,majority_vote_share,3,0.2,0.26666666666666666,1,0.25,0.0
majority,math,majority_vote_share,4,0.26666666666666666,0.3333333333333333,0,,
majority,math,majority_vote_share,5,0.3333333333333333,0.4,2,0.375,0.5
majority,math,majority_vote_share,6,0.4,0.4666666666666667,0,,
majority,math,majority_vote_share,7,0.4666666666666667,0.5333333333333333,2,0.5,1.0
majority,math,majority_vote_share,8,0.5333333333333333,0.6,0,,
majority,math,majority_vote_share,9,0.6,0.6666666666666666,2,0.625,0.5
majority,math,majority_vote_share,10,0.6666666666666666,0.7333333333333333,0,,
majority,math,majority_vote_share,11,0.7333333333333333,0.8,3,0.75,0.6666666666666666
majority,math,majority_vote_share,12,0.8,0.8666666666666667,0,,
majority,math,majority_vote_share,13,0.8666666666666667,0.9333333333333333,1,0.875,1.0
majority,math,majority_vote_share,14,0.9333333333333333,1.0,10,1.0,1.0
