analysis,dataset,signal,n,scorable_n,coverage,accuracy,ece,auroc
greedy,gsm8k,entropy_confidence,40,40,1.0,0.85,0.14255386122842262,0.7647058823529411
greedy,gsm8k,answer_token_probability,40,40,1.0,0.85,0.14818149265389402,0.7156862745098039
greedy,gsm8k,sequence_geometric_probability,40,40,1.0,0.85,0.1247157112004735,0.7892156862745098
greedy,gsm8k,self_consistency_agreement,40,40,1.0,0.85,0.10312500000000001,0.8946078431372549
paired_primary,gsm8k,entropy_confidence,40,40,1.0,0.85,0.14255386122842262,0.7647058823529411
paired_primary,gsm8k,self_consistency_agreement,40,40,1.0,0.85,0.10312500000000001,0.8946078431372549
majority,gsm8k,majority_vote_share,40,40,1.0,0.9,0.071875,0.8090277777777778
greedy,gsm_plus,entropy_confidence,48,48,1.0,0.8125,0.16229359990575581,0.8461538461538461
greedy,gsm_plus,answer_token_probability,47,48,0.9791666666666666,0.8297872340425532,0.16658030222562034,0.7596153846153846
greedy,gsm_plus,sequence_geometric_probability,48,48,1.0,0.8125,0.1295244503134096,0.8575498575498576
greedy,gsm_plus,self_consistency_agreement,48,48,1.0,0.8125,0.10156250000000001,0.7364672364672364
paired_primary,gsm_plus,entropy_confidence,48,48,1.0,0.8125,0.16229359990575581,0.8461538461538461
paired_primary,gsm_plus,self_consistency_agreement,48,48,1.0,0.8125,0.10156250000000001,0.7364672364672364
majority,gsm_plus,majority_vote_share,48,48,1.0,0.8333333333333334,0.11979166666666669,0.6984375
greedy,math,entropy_confidence,21,21,1.0,0.7142857142857143,0.24413839645132485,0.9
greedy,math,answer_token_probability,19,21,0.9047619047619048,0.7894736842105263,0.2069082060100279,0.8666666666666667
greedy,math,sequence_geometric_probability,21,21,1.0,0.7142857142857143,0.20151821885112023,0.8666666666666667
greedy,math,self_consistency_agreement,21,21,1.0,0.7142857142857143,0.13095238095238093,0.95
paired_primary,math,entropy_confidence,21,21,1.0,0.7142857142857143,0.24413839645132485,0.9
paired_primary,math,self_consistency_agreement,21,21,1.0,0.7142857142857143,0.13095238095238093,0.95
majority,math,majority_vote_share,21,21,1.0,0.8095238095238095,0.10119047619047619,0.8676470588235294
